observed_at,latitude,longitude,speed_kn,course_deg,alarms,note
2026-09-06T22:58:58Z,47.49898,-2.37511,,,,GPS peskebrel.com
2026-09-07T15:08:14Z,47.50459,-2.53788,,,,GPS peskebrel.com
2026-09-07T17:20:45Z,47.46697,-2.77147,,,,GPS peskebrel.com
2026-09-07T19:08:38Z,47.29021,-2.74232,,,,GPS peskebrel.com
2026-09-07T20:50:09Z,47.28495,-2.93385,,,,GPS peskebrel.com
2026-09-07T22:09:59Z,47.34004,-3.06109,,,,GPS peskebrel.com
2026-09-07T23:33:40Z,47.3487,-3.14922,,,,GPS peskebrel.com
2026-09-08T15:22:57Z,47.3349,-3.04149,,,,GPS peskebrel.com
2026-09-08T19:14:50Z,46.94076,-3.16085,,,,GPS peskebrel.com
2026-09-08T21:30:43Z,46.76766,-3.28483,,,,GPS peskebrel.com
2026-09-08T23:31:07Z,46.66788,-3.42303,,,,GPS peskebrel.com
2026-09-09T01:01:54Z,46.57194,-3.46212,,,,GPS peskebrel.com
2026-09-09T02:02:49Z,46.53306,-3.51211,,,,GPS peskebrel.com
2026-09-09T03:11:15Z,46.50706,-3.59276,,,,GPS peskebrel.com
2026-09-09T05:13:53Z,46.38587,-3.71387,,,,GPS peskebrel.com
2026-09-09T06:41:00Z,46.41043,-3.87474,,,,GPS peskebrel.com
2026-09-09T07:26:51Z,46.36828,-3.94528,,,,GPS peskebrel.com
2026-09-09T09:01:00Z,46.36916,-4.16858,,,,GPS peskebrel.com
2026-09-09T10:08:11Z,46.35005,-4.26162,,,,GPS peskebrel.com
2026-09-09T12:16:40Z,46.33595,-4.51897,,,,GPS peskebrel.com
2026-09-09T15:33:43Z,46.36262,-5.00207,,,,GPS peskebrel.com
2026-09-09T18:15:14Z,46.33847,-5.22067,,,,GPS peskebrel.com
2026-09-09T21:28:33Z,46.29911,-5.57477,,,,GPS peskebrel.com
2026-09-10T01:55:18Z,46.26291,-6.10954,,,,GPS peskebrel.com
2026-09-10T03:05:47Z,46.2584,-6.25482,,,,GPS peskebrel.com
2026-09-10T09:02:51Z,46.20377,-6.74634,,,,GPS peskebrel.com
2026-09-10T11:04:11Z,46.20098,-6.93228,,,,GPS peskebrel.com
2026-09-10T13:01:17Z,46.16954,-7.20757,,,,GPS peskebrel.com
2026-09-10T15:38:24Z,46.15002,-7.55682,,,,GPS peskebrel.com
2026-09-10T16:13:28Z,46.19399,-7.61305,,,,GPS peskebrel.com
2026-09-10T18:57:35Z,46.35092,-7.93103,,,,GPS peskebrel.com
2026-09-10T19:06:06Z,46.33866,-7.92117,,,,GPS peskebrel.com
2026-09-10T20:02:03Z,46.41085,-8.02423,,,,GPS peskebrel.com
2026-09-10T22:12:38Z,46.55609,-8.291,,,,GPS peskebrel.com
2026-09-10T23:23:17Z,46.54089,-8.37338,,,,GPS peskebrel.com
2026-09-11T02:06:02Z,46.47156,-8.67279,,,,GPS peskebrel.com
2026-09-11T03:13:14Z,46.45837,-8.80236,,,,GPS peskebrel.com
2026-09-11T04:57:21Z,46.40675,-8.93356,,,,GPS peskebrel.com
2026-09-11T08:22:47Z,46.36578,-9.23368,,,,GPS peskebrel.com
2026-09-11T09:00:37Z,46.37913,-9.28543,,,,GPS peskebrel.com
2026-09-11T11:32:47Z,46.30296,-9.58224,,,,GPS peskebrel.com
2026-09-11T12:17:04Z,46.2694,-9.6543,,,,GPS peskebrel.com
2026-09-11T13:49:04Z,46.22673,-9.8108,,,,GPS peskebrel.com
2026-09-11T14:37:15Z,46.21948,-9.89136,,,,GPS peskebrel.com
2026-09-11T15:56:24Z,46.16863,-10.03173,,,,GPS peskebrel.com
2026-09-11T16:57:51Z,46.15829,-10.14787,,,,GPS peskebrel.com
2026-09-11T19:54:18Z,46.07767,-10.51334,,,,GPS peskebrel.com
2026-09-12T01:38:38Z,45.85436,-11.20602,,,,GPS peskebrel.com
2026-09-12T03:30:10Z,45.80405,-11.41033,,,,GPS peskebrel.com
2026-09-12T06:24:00Z,45.62656,-11.67057,,,,GPS peskebrel.com
2026-09-12T07:29:56Z,45.57199,-11.79077,,,,GPS peskebrel.com
2026-09-12T12:33:15Z,45.26288,-12.2061,,,,GPS peskebrel.com
2026-09-12T15:21:27Z,45.09792,-12.32862,,,,GPS peskebrel.com
2026-09-12T17:57:41Z,44.94376,-12.5123,,,,GPS peskebrel.com
2026-09-12T19:32:50Z,44.84506,-12.5093,,,,GPS peskebrel.com
2026-09-12T21:17:31Z,44.70513,-12.4512,,,,GPS peskebrel.com
2026-09-12T23:18:48Z,44.53242,-12.4117,,,,GPS peskebrel.com
2026-09-13T01:14:45Z,44.35323,-12.42096,,,,GPS peskebrel.com
2026-09-13T03:10:23Z,44.16238,-12.38673,,,,GPS peskebrel.com
2026-09-13T04:46:45Z,44.10454,-12.58214,,,,GPS peskebrel.com
2026-09-13T07:03:13Z,44.09532,-12.91161,,,,GPS peskebrel.com
2026-09-13T09:46:20Z,43.835383,-13.012515,6.3,187,,AIS VesselFinder
2026-09-13T11:35:22Z,43.66858,-13.07805,,,,GPS peskebrel.com
2026-09-13T18:02:03Z,43.00995,-13.07977,,,,GPS peskebrel.com
2026-09-13T21:05:47Z,42.89062,-13.50202,,,,GPS peskebrel.com
2026-09-14T00:51:10Z,42.79067,-13.96573,,,,GPS peskebrel.com
2026-09-14T02:09:40Z,42.77742,-14.09902,,,,GPS peskebrel.com
2026-09-14T04:29:18Z,42.59237,-14.08419,,,,GPS peskebrel.com
2026-09-14T05:49:36Z,42.51544,-14.01534,,,,GPS peskebrel.com
2026-09-14T07:30:16Z,42.44778,-14.17246,,,,GPS peskebrel.com
2026-09-14T08:14:07Z,42.39245,-14.21883,,,,GPS peskebrel.com
2026-09-14T09:01:24Z,42.34749,-14.29423,,,,GPS peskebrel.com
2026-09-14T10:20:08Z,42.2274,-14.35487,,,,GPS peskebrel.com
2026-09-14T11:48:45Z,42.10488,-14.44407,,,,GPS peskebrel.com
2026-09-14T13:50:49Z,41.95027,-14.5881,,,,GPS peskebrel.com
2026-09-14T16:45:37Z,41.69592,-14.75268,,,,GPS peskebrel.com
2026-09-14T17:13:44Z,41.6551,-14.76415,,,,GPS peskebrel.com
2026-09-14T20:06:18Z,41.4344,-15.02775,,,,GPS peskebrel.com
2026-09-14T21:39:35Z,41.33932,-15.21476,,,,GPS peskebrel.com
2026-09-14T22:56:50Z,41.24692,-15.35717,,,,GPS peskebrel.com
2026-09-15T02:20:17Z,41.08192,-15.7487,,,,GPS peskebrel.com
2026-09-15T03:29:19Z,41.04879,-15.87143,,,,GPS peskebrel.com
2026-09-15T04:39:20Z,41.0539,-15.97399,,,,GPS peskebrel.com
2026-09-15T06:19:30Z,40.94306,-16.06159,,,,GPS peskebrel.com
2026-09-15T07:27:52Z,40.90789,-16.16616,,,,GPS peskebrel.com
2026-09-15T10:51:54Z,40.66791,-16.50565,,,,GPS peskebrel.com
2026-09-15T13:01:36Z,40.50324,-16.76796,,,,GPS peskebrel.com
2026-09-15T14:09:03Z,40.43744,-16.91732,,,,GPS peskebrel.com
2026-09-15T15:22:32Z,40.39758,-17.07197,,,,GPS peskebrel.com
2026-09-15T17:11:44Z,40.30835,-17.30736,,,,GPS peskebrel.com
2026-09-15T21:10:59Z,40.08261,-17.84287,,,,GPS peskebrel.com
2026-09-15T22:17:15Z,39.96244,-17.87156,,,,GPS peskebrel.com
2026-09-16T00:16:33Z,39.75555,-17.88336,,,,GPS peskebrel.com
2026-09-16T02:04:30Z,39.56694,-17.91911,,,,GPS peskebrel.com
2026-09-16T04:03:17Z,39.37751,-17.95386,,,,GPS peskebrel.com
2026-09-16T06:22:50Z,39.15052,-17.99324,,,,GPS peskebrel.com
2026-09-16T10:27:49Z,38.74165,-17.97031,,,,GPS peskebrel.com
2026-09-16T11:36:20Z,38.6239,-17.94118,,,,GPS peskebrel.com
2026-09-16T12:38:47Z,38.51589,-17.93938,,,,GPS peskebrel.com
2026-09-16T15:22:29Z,38.22832,-17.86726,,,,GPS peskebrel.com
2026-09-16T18:28:08Z,37.88971,-17.86218,,,,GPS peskebrel.com
2026-09-16T19:45:10Z,37.74221,-17.84397,,,,GPS peskebrel.com
2026-09-16T21:53:22Z,37.49627,-17.86229,,,,GPS peskebrel.com
2026-09-16T23:19:02Z,37.32784,-17.84599,,,,GPS peskebrel.com
2026-09-17T09:31:44Z,36°16'43.05 N,17°35'49.68 W,6.48,174,,
2026-09-17T23:17:47Z,34°41'39.62 N,17°15'28.09 W,7.02,170,,
2026-09-18T10:51:00Z,33.490368,-16.947184,5.5,167,,AIS MarineTraffic
2026-09-18T12:05:00Z,33.362766,-16.913601,7.9,144,,AIS MarineTraffic
2026-09-18T15:06:00Z,33.108398,-16.749884,6.3,159,,AIS MarineTraffic
2026-09-18T16:07:33Z,33.0299,-16.689699,6.3,156,,AIS MarineTraffic
2026-09-18T17:07:59Z,32.939034,-16.6539,6.3,181,,AIS MarineTraffic
2026-09-18T18:19:00Z,32.833317,-16.615517,6.3,175,,AIS MarineTraffic
2026-09-18T19:22:08Z,32.730118,-16.600782,6.3,180,,AIS MarineTraffic
2026-09-18T19:42:52Z,32.705616,-16.63455,7,228,,AIS MarineTraffic
2026-09-18T20:07:00Z,32.679115,-16.677433,6.3,228,,AIS MarineTraffic
2026-09-18T20:48:50Z,32.643398,-16.752434,7,240,,AIS MarineTraffic
2026-09-18T21:45:08Z,32.612732,-16.845249,3.9,279,,AIS MarineTraffic
2026-09-18T23:18:00Z,32°38'42.82 N,16°54'19.3 W,5.40,172,,"Funchal (0,16 km)"
2026-09-19T23:33:14Z,32°38'38 N,16°54'11.34 W,0.00,126,,"Funchal (0,17 km)"
2026-09-24T23:43:24Z,32°38'39 N,16°54'11.89 W,0.00,351,,"Funchal (0,20 km)"
2026-09-25T20:03:43Z,32.47858,-16.80087,,,,GPS peskebrel.com
2026-09-25T23:22:09Z,32.27168,-16.60628,,,,GPS peskebrel.com
2026-09-26T04:12:55Z,31.99801,-16.29091,,,,GPS peskebrel.com
2026-09-26T05:49:26Z,31.83534,-16.22827,,,,GPS peskebrel.com
2026-09-26T06:38:28Z,31.76261,-16.16365,,,,GPS peskebrel.com
2026-09-26T07:37:48Z,31.665001,-16.133833,7,202,,AIS MarineTraffic
2026-09-26T08:03:54Z,31.615667,-16.148849,6.3,200,,AIS MarineTraffic
2026-09-26T09:02:27Z,31.510799,-16.202183,7,227,,AIS MarineTraffic
2026-09-26T10:10:19Z,31.38835,-16.262316,6.3,176,,AIS MarineTraffic
2026-09-26T11:16:18Z,31.277399,-16.252634,6.3,167,,AIS MarineTraffic
2026-09-26T12:16:11Z,31.18815,-16.24375,5.5,176,,AIS MarineTraffic
2026-09-26T13:00:14Z,31.134317,-16.243584,3.9,177,,AIS MarineTraffic
2026-09-26T14:41:39Z,31.07203,-16.21816,,,,GPS peskebrel.com
2026-09-26T15:39:57Z,31.0222,-16.179983,0.6,150,,AIS MarineTraffic
2026-09-26T16:00:48Z,31.001133,-16.1709,4.6,161,,AIS MarineTraffic
2026-09-26T17:17:56Z,30.92354,-16.1607,,,,GPS peskebrel.com
2026-09-26T18:48:08Z,30.858932,-16.056583,4.6,112,,AIS MarineTraffic
2026-09-26T21:19:34Z,30.752533,-15.872334,4.6,133,,AIS MarineTraffic
2026-09-26T22:02:40Z,30.721767,-15.819867,4.6,124,,AIS MarineTraffic
2026-09-27T00:02:19Z,30.64141,-15.67413,,,,GPS peskebrel.com
2026-09-27T01:57:36Z,30.50675,-15.51871,,,,GPS peskebrel.com
2026-09-27T06:44:54Z,30.20868,-15.03768,,,,GPS peskebrel.com
2026-09-27T07:30:24Z,30.160917,-15.011383,4.6,167,,AIS MarineTraffic
2026-09-27T10:12:29Z,29.95788,-14.93675,,,,GPS peskebrel.com
2026-09-27T12:38:16Z,30.04178,-14.79178,,,,GPS peskebrel.com
2026-09-27T14:04:21Z,30.06042,-14.63466,,,,GPS peskebrel.com
2026-09-27T15:35:13Z,30.0177,-14.55637,,,,GPS peskebrel.com
2026-09-27T22:00:42Z,29.88056,-14.07392,,,,GPS peskebrel.com
2026-09-28T01:40:03Z,29.64746,-13.84737,,,,GPS peskebrel.com
2026-09-28T02:17:13Z,29.58017,-13.81759,,,,GPS peskebrel.com
2026-09-28T03:31:57Z,29.47531,-13.83153,,,,GPS peskebrel.com
2026-09-28T05:23:12Z,29.41973,-13.74997,,,,GPS peskebrel.com
2026-09-28T07:23:06Z,29.306749,-13.656716,4.6,131,,AIS MarineTraffic
2026-09-28T08:03:12Z,29.25935,-13.609917,5.5,145,,AIS MarineTraffic
2026-09-28T09:13:22Z,29.193933,-13.548883,3,136,,AIS MarineTraffic
2026-09-28T09:53:28Z,29.209682,-13.522583,3,60,,AIS MarineTraffic
2026-09-28T13:29:29Z,29.22831,-13.50299,,,,GPS peskebrel.com
2026-09-30T09:50:37Z,29.21508,-13.50724,,,,GPS peskebrel.com
2026-09-30T12:11:46Z,29.150316,-13.70035,4.6,242,,AIS MarineTraffic
2026-09-30T14:24:41Z,29.07713,-13.83698,,,,GPS peskebrel.com
2026-09-30T16:49:56Z,28.867733,-13.903283,7.9,150,,AIS MarineTraffic
2026-09-30T17:07:19Z,28.845316,-13.883483,6.3,123,,AIS MarineTraffic
2026-09-30T18:08:48Z,28.85721,-13.81682,,,,GPS peskebrel.com
2026-09-30T20:10:22Z,28.85635,-13.816183,0.6,175,,AIS MarineTraffic
2026-10-04T12:56:49Z,28.82309,-13.80716,,,,GPS peskebrel.com
2026-10-04T13:37:09Z,28.78515,-13.76832,,,,GPS peskebrel.com
2026-10-04T15:23:09Z,28.91267,-13.68204,,,,GPS peskebrel.com
2026-10-04T16:05:30Z,28.87002,-13.67018,,,,GPS peskebrel.com
2026-10-04T17:17:59Z,28.86761,-13.59462,,,,GPS peskebrel.com
2026-10-04T18:40:29Z,28.91929,-13.52959,,,,GPS peskebrel.com
2026-10-04T19:34:19Z,28.968134,-13.531767,3.9,14,,AIS MarineTraffic
2026-10-07T11:05:23Z,28.96933,-13.53191,,,,GPS peskebrel.com
2026-10-07T14:11:53Z,28.71823,-13.75353,,,,GPS peskebrel.com
2026-10-07T15:26:03Z,28.73649,-13.82516,,,,GPS peskebrel.com
2026-10-08T16:47:02Z,28.736567,-13.824917,0.6,85,,AIS MarineTraffic
2026-10-08T17:58:40Z,28.739367,-13.859217,3.9,275,,AIS MarineTraffic
2026-10-08T18:47:38Z,28.761583,-13.862367,3.9,280,,AIS MarineTraffic
